{
  "baseline_accuracy": 0.7675,
  "fgsm": {
    "epsilons": [
      0.001,
      0.01,
      0.05,
      0.1,
      0.3
    ],
    "accuracies": [
      0.84375,
      0.65625,
      0.21875,
      0.03125,
      0.0
    ]
  },
  "pgd": {
    "epsilons": [
      0.001,
      0.01,
      0.05,
      0.1,
      0.3
    ],
    "accuracies": [
      0.84375,
      0.65625,
      0.125,
      0.0,
      0.0
    ]
  },
  "cw": {
    "accuracy": 0.0
  }
}