{
  "epsilon": [
    0.01,
    0.05,
    0.1,
    0.3
  ],
  "baseline": [
    0.65625,
    0.125,
    0.0,
    0.0
  ],
  "robust": [
    0.71875,
    0.625,
    0.3125,
    0.0
  ]
}